{
  "threshold": 0.6,
  "f1_score_val": 0.9994974874371859,
  "f2_score_val": 0.999497487437186,
  "recall_val": 0.9994974874371859,
  "precision_val": 0.9994974874371859,
  "f1_score_test": 0.07920792079207921,
  "f2_score_test": 0.1509433962264151,
  "recall_test": 0.38095238095238093,
  "precision_test": 0.04419889502762431
}